id_municipio,municipio,populacao,pib_per_capita,educacao_ideb,seg_cvli_estado,infra_agua,infra_esgoto,saude_total_leitos,saude_estabelecimentos,area_km2,densidade_demografica,densidade_demografica_raw
3302056,Italva,14.518 (Fonte: IBGE),"R$ 28.844,61 (Fonte: IBGE)",5.2 (Fonte: INEP),"7,6 (Ano: 2022 - ISP/Inbound)",70.2% (Fonte: SNIS),Indisponível,56 leitos (Fonte: CNES),24 unidades (Fonte: CNES),"295,3 km²","49,2 hab/km²",49.168557591357064
3302304,Laje do Muriaé,7.584 (Fonte: IBGE),"R$ 24.283,36 (Fonte: IBGE)",4.8 (Fonte: INEP),"7,6 (Ano: 2022 - ISP/Inbound)",72.5% (Fonte: SNIS),Indisponível,30 leitos (Fonte: CNES),14 unidades (Fonte: CNES),"251,2 km²","30,2 hab/km²",30.18867924528302
3304102,Porciúncula,17.832 (Fonte: IBGE),"R$ 23.326,04 (Fonte: IBGE)",4.9 (Fonte: INEP),"7,6 (Ano: 2022 - ISP/Inbound)",80.7% (Fonte: SNIS),8.0% (Fonte: SNIS),1 leitos (Fonte: CNES),58 unidades (Fonte: CNES),"303,5 km²","58,7 hab/km²",58.74678790274758
3306156,Varre-Sai,10.563 (Fonte: IBGE),"R$ 25.007,48 (Fonte: IBGE)",4.3 (Fonte: INEP),"7,6 (Ano: 2022 - ISP/Inbound)",31.9% (Fonte: SNIS),Indisponível,25 leitos (Fonte: CNES),14 unidades (Fonte: CNES),"191,0 km²","55,3 hab/km²",55.29787456810805
3300605,Bom Jesus do Itabapoana,37.176 (Fonte: IBGE),"R$ 24.428,85 (Fonte: IBGE)",4.9 (Fonte: INEP),"7,6 (Ano: 2022 - ISP/Inbound)",74.3% (Fonte: SNIS),Indisponível,259 leitos (Fonte: CNES),139 unidades (Fonte: CNES),"601,8 km²","61,8 hab/km²",61.77262304343491
3303104,Natividade,15.551 (Fonte: IBGE),"R$ 20.851,78 (Fonte: IBGE)",4.8 (Fonte: INEP),"7,6 (Ano: 2022 - ISP/Inbound)",77.7% (Fonte: SNIS),Indisponível,53 leitos (Fonte: CNES),48 unidades (Fonte: CNES),"388,7 km²","40,0 hab/km²",40.00977668004528
3302205,Itaperuna,107.297 (Fonte: IBGE),"R$ 31.640,88 (Fonte: IBGE)",5.3 (Fonte: INEP),"7,6 (Ano: 2022 - ISP/Inbound)",80.9% (Fonte: SNIS),Indisponível,463 leitos (Fonte: CNES),415 unidades (Fonte: CNES),"1.110,8 km²","96,6 hab/km²",96.58999864968268
3305133,São José de Ubá,7.318 (Fonte: IBGE),"R$ 26.901,07 (Fonte: IBGE)",5.4 (Fonte: INEP),"7,6 (Ano: 2022 - ISP/Inbound)",43.8% (Fonte: SNIS),Indisponível,Indisponível,12 unidades (Fonte: CNES),"251,5 km²","29,1 hab/km²",29.09510178117048
3303005,Miracema,28.416 (Fonte: IBGE),"R$ 23.303,49 (Fonte: IBGE)",5.7 (Fonte: INEP),"7,6 (Ano: 2022 - ISP/Inbound)",88.0% (Fonte: SNIS),91.0% (Fonte: SNIS),64 leitos (Fonte: CNES),51 unidades (Fonte: CNES),"306,0 km²","92,9 hab/km²",92.85667603424614
3304706,Santo Antônio de Pádua,43.697 (Fonte: IBGE),"R$ 29.398,91 (Fonte: IBGE)",5.5 (Fonte: INEP),"7,6 (Ano: 2022 - ISP/Inbound)",97.2% (Fonte: SNIS),80.1% (Fonte: SNIS),186 leitos (Fonte: CNES),57 unidades (Fonte: CNES),"606,3 km²","72,1 hab/km²",72.06801576699156
3302106,Itaocara,23.645 (Fonte: IBGE),"R$ 26.893,47 (Fonte: IBGE)",5.5 (Fonte: INEP),"7,6 (Ano: 2022 - ISP/Inbound)",74.3% (Fonte: SNIS),Indisponível,79 leitos (Fonte: CNES),50 unidades (Fonte: CNES),"433,4 km²","54,6 hab/km²",54.55069788902988
3300902,Cambuci,15.069 (Fonte: IBGE),"R$ 26.581,92 (Fonte: IBGE)",5.1 (Fonte: INEP),"7,6 (Ano: 2022 - ISP/Inbound)",74.9% (Fonte: SNIS),Indisponível,51 leitos (Fonte: CNES),18 unidades (Fonte: CNES),"564,5 km²","26,7 hab/km²",26.6953656462585
3300159,Aperibé,11.426 (Fonte: IBGE),"R$ 21.803,34 (Fonte: IBGE)",5.2 (Fonte: INEP),"7,6 (Ano: 2022 - ISP/Inbound)",91.6% (Fonte: SNIS),96.3% (Fonte: SNIS),35 leitos (Fonte: CNES),22 unidades (Fonte: CNES),"95,1 km²","120,1 hab/km²",120.14721345951631
3305000,São João da Barra,38.740 (Fonte: IBGE),"R$ 255.211,02 (Fonte: IBGE)",4.3 (Fonte: INEP),"7,6 (Ano: 2022 - ISP/Inbound)",67.3% (Fonte: SNIS),94.0% (Fonte: SNIS),59 leitos (Fonte: CNES),65 unidades (Fonte: CNES),"457,3 km²","84,7 hab/km²",84.72018719793557
3304755,São Francisco de Itabapoana,47.397 (Fonte: IBGE),"R$ 24.991,69 (Fonte: IBGE)",4.8 (Fonte: INEP),"7,6 (Ano: 2022 - ISP/Inbound)",29.9% (Fonte: SNIS),Indisponível,46 leitos (Fonte: CNES),64 unidades (Fonte: CNES),"1.128,0 km²","42,0 hab/km²",42.0186170212766
3301157,Cardoso Moreira,13.407 (Fonte: IBGE),"R$ 29.498,17 (Fonte: IBGE)",5.1 (Fonte: INEP),"7,6 (Ano: 2022 - ISP/Inbound)",66.5% (Fonte: SNIS),Indisponível,Indisponível,16 unidades (Fonte: CNES),"527,2 km²","25,4 hab/km²",25.42961192670991
3301009,Campos dos Goytacazes,519.259 (Fonte: IBGE),"R$ 71.601,76 (Fonte: IBGE)",4.3 (Fonte: INEP),"7,6 (Ano: 2022 - ISP/Inbound)",96.9% (Fonte: SNIS),85.5% (Fonte: SNIS),2038 leitos (Fonte: CNES),1169 unidades (Fonte: CNES),"4.046,4 km²","128,3 hab/km²",128.32553219883255
3304805,São Fidélis,41.212 (Fonte: IBGE),"R$ 20.508,40 (Fonte: IBGE)",4.9 (Fonte: INEP),"7,6 (Ano: 2022 - ISP/Inbound)",71.7% (Fonte: SNIS),Indisponível,166 leitos (Fonte: CNES),60 unidades (Fonte: CNES),"1.036,6 km²","39,8 hab/km²",39.75574698783558
3301405,Conceição de Macabu,21.770 (Fonte: IBGE),"R$ 19.942,31 (Fonte: IBGE)",4.5 (Fonte: INEP),"7,6 (Ano: 2022 - ISP/Inbound)",96.5% (Fonte: SNIS),96.5% (Fonte: SNIS),21 leitos (Fonte: CNES),41 unidades (Fonte: CNES),"348,9 km²","62,4 hab/km²",62.387161484453365
3302403,Macaé,264.439 (Fonte: IBGE),"R$ 67.111,95 (Fonte: IBGE)",5.1 (Fonte: INEP),"7,6 (Ano: 2022 - ISP/Inbound)",91.6% (Fonte: SNIS),90.1% (Fonte: SNIS),648 leitos (Fonte: CNES),1004 unidades (Fonte: CNES),"1.222,7 km²","216,3 hab/km²",216.27463809601701
3304151,Quissamã,23.142 (Fonte: IBGE),"R$ 259.135,47 (Fonte: IBGE)",5.0 (Fonte: INEP),"7,6 (Ano: 2022 - ISP/Inbound)",70.2% (Fonte: SNIS),103.8% (Fonte: SNIS),82 leitos (Fonte: CNES),23 unidades (Fonte: CNES),"716,3 km²","32,3 hab/km²",32.30679026133571
3300936,Carapebus,14.329 (Fonte: IBGE),"R$ 50.720,15 (Fonte: IBGE)",4.7 (Fonte: INEP),"7,6 (Ano: 2022 - ISP/Inbound)",27.4% (Fonte: SNIS),115.3% (Fonte: SNIS),8 leitos (Fonte: CNES),21 unidades (Fonte: CNES),"309,6 km²","46,3 hab/km²",46.279310122085136
3300225,Areal,12.239 (Fonte: IBGE),"R$ 34.924,75 (Fonte: IBGE)",4.8 (Fonte: INEP),"7,6 (Ano: 2022 - ISP/Inbound)",Indisponível,Indisponível,21 leitos (Fonte: CNES),29 unidades (Fonte: CNES),"111,5 km²","109,8 hab/km²",109.81606101390759
3305406,Sapucaia,18.291 (Fonte: IBGE),"R$ 54.703,13 (Fonte: IBGE)",4.6 (Fonte: INEP),"7,6 (Ano: 2022 - ISP/Inbound)",75.6% (Fonte: SNIS),64.4% (Fonte: SNIS),4 leitos (Fonte: CNES),37 unidades (Fonte: CNES),"544,3 km²","33,6 hab/km²",33.60216041444685
3303708,Paraíba do Sul,44.479 (Fonte: IBGE),"R$ 28.171,32 (Fonte: IBGE)",4.7 (Fonte: INEP),"7,6 (Ano: 2022 - ISP/Inbound)",87.8% (Fonte: SNIS),72.2% (Fonte: SNIS),140 leitos (Fonte: CNES),79 unidades (Fonte: CNES),"583,3 km²","76,3 hab/km²",76.25145717616402
3306008,Três Rios,82.319 (Fonte: IBGE),"R$ 77.116,74 (Fonte: IBGE)",4.6 (Fonte: INEP),"7,6 (Ano: 2022 - ISP/Inbound)",99.0% (Fonte: SNIS),98.6% (Fonte: SNIS),112 leitos (Fonte: CNES),336 unidades (Fonte: CNES),"327,7 km²","251,2 hab/km²",251.19465380977084
3300951,Comendador Levy Gasparian,9.048 (Fonte: IBGE),"R$ 66.752,32 (Fonte: IBGE)",5.4 (Fonte: INEP),"7,6 (Ano: 2022 - ISP/Inbound)",94.9% (Fonte: SNIS),91.2% (Fonte: SNIS),1 leitos (Fonte: CNES),24 unidades (Fonte: CNES),"107,4 km²","84,2 hab/km²",84.24581005586592
3301108,Cantagalo,19.995 (Fonte: IBGE),"R$ 42.081,57 (Fonte: IBGE)",5.2 (Fonte: INEP),"7,6 (Ano: 2022 - ISP/Inbound)",71.3% (Fonte: SNIS),100.8% (Fonte: SNIS),108 leitos (Fonte: CNES),85 unidades (Fonte: CNES),"752,9 km²","26,6 hab/km²",26.555900868595106
3301504,Cordeiro,21.448 (Fonte: IBGE),"R$ 21.268,93 (Fonte: IBGE)",5.1 (Fonte: INEP),"7,6 (Ano: 2022 - ISP/Inbound)",100.4% (Fonte: SNIS),41.3% (Fonte: SNIS),50 leitos (Fonte: CNES),60 unidades (Fonte: CNES),"116,9 km²","183,5 hab/km²",183.45736036267215
3301207,Carmo,17.741 (Fonte: IBGE),"R$ 31.630,29 (Fonte: IBGE)",5.5 (Fonte: INEP),"7,6 (Ano: 2022 - ISP/Inbound)",Indisponível,Indisponível,40 leitos (Fonte: CNES),44 unidades (Fonte: CNES),"323,5 km²","54,8 hab/km²",54.83910852832988
3302452,Macuco,5.602 (Fonte: IBGE),"R$ 38.356,84 (Fonte: IBGE)",5.0 (Fonte: INEP),"7,6 (Ano: 2022 - ISP/Inbound)",87.9% (Fonte: SNIS),42.8% (Fonte: SNIS),Indisponível,17 unidades (Fonte: CNES),"78,1 km²","71,7 hab/km²",71.72855313700384
3300506,Bom Jardim,29.758 (Fonte: IBGE),"R$ 29.817,33 (Fonte: IBGE)",5.0 (Fonte: INEP),"7,6 (Ano: 2022 - ISP/Inbound)",56.3% (Fonte: SNIS),Indisponível,67 leitos (Fonte: CNES),54 unidades (Fonte: CNES),"386,5 km²","77,0 hab/km²",76.99552381691635
3303401,Nova Friburgo,203.417 (Fonte: IBGE),"R$ 31.093,44 (Fonte: IBGE)",5.1 (Fonte: INEP),"7,6 (Ano: 2022 - ISP/Inbound)",82.3% (Fonte: SNIS),79.5% (Fonte: SNIS),739 leitos (Fonte: CNES),637 unidades (Fonte: CNES),"937,9 km²","216,9 hab/km²",216.88559547926218
3305703,Sumidouro,15.693 (Fonte: IBGE),"R$ 38.241,70 (Fonte: IBGE)",5.2 (Fonte: INEP),"7,6 (Ano: 2022 - ISP/Inbound)",28.2% (Fonte: SNIS),38.4% (Fonte: SNIS),28 leitos (Fonte: CNES),26 unidades (Fonte: CNES),"397,4 km²","39,5 hab/km²",39.486198827466474
3301603,Duas Barras,11.355 (Fonte: IBGE),"R$ 21.948,04 (Fonte: IBGE)",5.1 (Fonte: INEP),"7,6 (Ano: 2022 - ISP/Inbound)",72.1% (Fonte: SNIS),Indisponível,30 leitos (Fonte: CNES),29 unidades (Fonte: CNES),"376,9 km²","30,1 hab/km²",30.123358535614805
3304607,Santa Maria Madalena,10.580 (Fonte: IBGE),"R$ 22.172,21 (Fonte: IBGE)",4.8 (Fonte: INEP),"7,6 (Ano: 2022 - ISP/Inbound)",40.4% (Fonte: SNIS),55.9% (Fonte: SNIS),23 leitos (Fonte: CNES),25 unidades (Fonte: CNES),"818,7 km²","12,9 hab/km²",12.922610904827046
3305901,Trajano de Moraes,10.654 (Fonte: IBGE),"R$ 22.716,35 (Fonte: IBGE)",5.0 (Fonte: INEP),"7,6 (Ano: 2022 - ISP/Inbound)",29.7% (Fonte: SNIS),Indisponível,41 leitos (Fonte: CNES),21 unidades (Fonte: CNES),"592,7 km²","18,0 hab/km²",17.976580164006347
3305307,São Sebastião do Alto,7.993 (Fonte: IBGE),"R$ 30.187,54 (Fonte: IBGE)",5.1 (Fonte: INEP),"7,6 (Ano: 2022 - ISP/Inbound)",59.9% (Fonte: SNIS),Indisponível,52 leitos (Fonte: CNES),12 unidades (Fonte: CNES),"399,8 km²","20,0 hab/km²",19.99049619847939
3305604,Silva Jardim,22.028 (Fonte: IBGE),"R$ 27.358,09 (Fonte: IBGE)",4.6 (Fonte: INEP),"7,6 (Ano: 2022 - ISP/Inbound)",79.8% (Fonte: SNIS),46.7% (Fonte: SNIS),40 leitos (Fonte: CNES),39 unidades (Fonte: CNES),"942,0 km²","23,4 hab/km²",23.38404050912411
3301306,Casimiro de Abreu,48.636 (Fonte: IBGE),"R$ 48.362,69 (Fonte: IBGE)",5.2 (Fonte: INEP),"7,6 (Ano: 2022 - ISP/Inbound)",78.0% (Fonte: SNIS),55.0% (Fonte: SNIS),50 leitos (Fonte: CNES),48 unidades (Fonte: CNES),"463,0 km²","105,1 hab/km²",105.05216320711925
3304524,Rio das Ostras,168.455 (Fonte: IBGE),"R$ 53.124,40 (Fonte: IBGE)",5.3 (Fonte: INEP),"7,6 (Ano: 2022 - ISP/Inbound)",65.4% (Fonte: SNIS),26.0% (Fonte: SNIS),143 leitos (Fonte: CNES),303 unidades (Fonte: CNES),"230,1 km²","732,0 hab/km²",731.9674980446686
3305505,Saquarema,95.315 (Fonte: IBGE),"R$ 442.513,85 (Fonte: IBGE)",4.8 (Fonte: INEP),"7,6 (Ano: 2022 - ISP/Inbound)",90.3% (Fonte: SNIS),71.3% (Fonte: SNIS),143 leitos (Fonte: CNES),153 unidades (Fonte: CNES),"355,2 km²","268,3 hab/km²",268.31911719167863
3301876,Iguaba Grande,29.616 (Fonte: IBGE),"R$ 21.319,86 (Fonte: IBGE)",4.9 (Fonte: INEP),"7,6 (Ano: 2022 - ISP/Inbound)",96.8% (Fonte: SNIS),79.4% (Fonte: SNIS),Indisponível,53 unidades (Fonte: CNES),"52,2 km²","567,5 hab/km²",567.465031615252
3300704,Cabo Frio,238.438 (Fonte: IBGE),"R$ 51.835,81 (Fonte: IBGE)",4.8 (Fonte: INEP),"7,6 (Ano: 2022 - ISP/Inbound)",95.9% (Fonte: SNIS),78.7% (Fonte: SNIS),418 leitos (Fonte: CNES),552 unidades (Fonte: CNES),"412,4 km²","578,2 hab/km²",578.227762149578
3300233,Armação dos Búzios,42.527 (Fonte: IBGE),"R$ 69.845,82 (Fonte: IBGE)",5.5 (Fonte: INEP),"7,6 (Ano: 2022 - ISP/Inbound)",80.5% (Fonte: SNIS),66.1% (Fonte: SNIS),92 leitos (Fonte: CNES),65 unidades (Fonte: CNES),"70,6 km²","602,3 hab/km²",602.2801302931596
3300258,Arraial do Cabo,32.822 (Fonte: IBGE),"R$ 82.428,77 (Fonte: IBGE)",4.8 (Fonte: INEP),"7,6 (Ano: 2022 - ISP/Inbound)",91.8% (Fonte: SNIS),75.3% (Fonte: SNIS),85 leitos (Fonte: CNES),27 unidades (Fonte: CNES),"161,0 km²","203,8 hab/km²",203.8127173373075
3300209,Araruama,137.906 (Fonte: IBGE),"R$ 30.703,99 (Fonte: IBGE)",4.6 (Fonte: INEP),"7,6 (Ano: 2022 - ISP/Inbound)",94.6% (Fonte: SNIS),76.3% (Fonte: SNIS),215 leitos (Fonte: CNES),331 unidades (Fonte: CNES),"641,0 km²","215,1 hab/km²",215.1285411206789
3305208,São Pedro da Aldeia,110.677 (Fonte: IBGE),"R$ 24.789,80 (Fonte: IBGE)",4.8 (Fonte: INEP),"7,6 (Ano: 2022 - ISP/Inbound)",94.9% (Fonte: SNIS),77.9% (Fonte: SNIS),88 leitos (Fonte: CNES),122 unidades (Fonte: CNES),"334,4 km²","331,0 hab/km²",331.0114846273478
3306305,Volta Redonda,279.971 (Fonte: IBGE),"R$ 70.261,85 (Fonte: IBGE)",5.3 (Fonte: INEP),"7,6 (Ano: 2022 - ISP/Inbound)",98.2% (Fonte: SNIS),97.1% (Fonte: SNIS),1159 leitos (Fonte: CNES),910 unidades (Fonte: CNES),"183,4 km²","1.526,9 hab/km²",1526.8924520069806
3304003,Piraí,29.066 (Fonte: IBGE),"R$ 84.290,58 (Fonte: IBGE)",5.2 (Fonte: INEP),"7,6 (Ano: 2022 - ISP/Inbound)",81.2% (Fonte: SNIS),32.4% (Fonte: SNIS),72 leitos (Fonte: CNES),46 unidades (Fonte: CNES),"507,8 km²","57,2 hab/km²",57.24132498326047
3300407,Barra Mansa,181.679 (Fonte: IBGE),"R$ 35.498,37 (Fonte: IBGE)",5.2 (Fonte: INEP),"7,6 (Ano: 2022 - ISP/Inbound)",100.9% (Fonte: SNIS),91.2% (Fonte: SNIS),412 leitos (Fonte: CNES),451 unidades (Fonte: CNES),"549,8 km²","330,4 hab/km²",330.4215771860905
3303955,Pinheiral,25.096 (Fonte: IBGE),"R$ 57.883,61 (Fonte: IBGE)",4.8 (Fonte: INEP),"7,6 (Ano: 2022 - ISP/Inbound)",91.5% (Fonte: SNIS),91.8% (Fonte: SNIS),34 leitos (Fonte: CNES),36 unidades (Fonte: CNES),"76,9 km²","326,3 hab/km²",326.3459037711313
3304409,Rio Claro,17.951 (Fonte: IBGE),"R$ 24.286,72 (Fonte: IBGE)",5.3 (Fonte: INEP),"7,6 (Ano: 2022 - ISP/Inbound)",68.9% (Fonte: SNIS),78.5% (Fonte: SNIS),42 leitos (Fonte: CNES),32 unidades (Fonte: CNES),"841,2 km²","21,3 hab/km²",21.33924538170752
3304128,Quatis,14.165 (Fonte: IBGE),"R$ 21.533,00 (Fonte: IBGE)",5.4 (Fonte: INEP),"7,6 (Ano: 2022 - ISP/Inbound)",102.8% (Fonte: SNIS),101.9% (Fonte: SNIS),34 leitos (Fonte: CNES),27 unidades (Fonte: CNES),"287,5 km²","49,3 hab/km²",49.274706925940094
3304201,Resende,137.697 (Fonte: IBGE),"R$ 78.101,99 (Fonte: IBGE)",4.8 (Fonte: INEP),"7,6 (Ano: 2022 - ISP/Inbound)",93.4% (Fonte: SNIS),92.0% (Fonte: SNIS),486 leitos (Fonte: CNES),529 unidades (Fonte: CNES),"1.100,5 km²","125,1 hab/km²",125.12221717401181
3302254,Itatiaia,32.713 (Fonte: IBGE),"R$ 210.724,51 (Fonte: IBGE)",5.2 (Fonte: INEP),"7,6 (Ano: 2022 - ISP/Inbound)",97.5% (Fonte: SNIS),74.0% (Fonte: SNIS),36 leitos (Fonte: CNES),54 unidades (Fonte: CNES),"246,3 km²","132,8 hab/km²",132.80691783046444
3304110,Porto Real,21.089 (Fonte: IBGE),"R$ 201.324,96 (Fonte: IBGE)",4.9 (Fonte: INEP),"7,6 (Ano: 2022 - ISP/Inbound)",89.0% (Fonte: SNIS),86.8% (Fonte: SNIS),52 leitos (Fonte: CNES),50 unidades (Fonte: CNES),"51,0 km²","413,6 hab/km²",413.59090017650516
3300308,Barra do Piraí,98.506 (Fonte: IBGE),"R$ 27.550,72 (Fonte: IBGE)",5.0 (Fonte: INEP),"7,6 (Ano: 2022 - ISP/Inbound)",76.9% (Fonte: SNIS),54.2% (Fonte: SNIS),302 leitos (Fonte: CNES),115 unidades (Fonte: CNES),"581,7 km²","169,3 hab/km²",169.3299412108502
3306107,Valença,71.449 (Fonte: IBGE),"R$ 43.704,07 (Fonte: IBGE)",4.8 (Fonte: INEP),"7,6 (Ano: 2022 - ISP/Inbound)",88.5% (Fonte: SNIS),108.1% (Fonte: SNIS),356 leitos (Fonte: CNES),199 unidades (Fonte: CNES),"1.311,1 km²","54,5 hab/km²",54.49546182594768
3304508,Rio das Flores,9.267 (Fonte: IBGE),"R$ 31.767,67 (Fonte: IBGE)",5.1 (Fonte: INEP),"7,6 (Ano: 2022 - ISP/Inbound)",70.6% (Fonte: SNIS),62.8% (Fonte: SNIS),27 leitos (Fonte: CNES),24 unidades (Fonte: CNES),"480,6 km²","19,3 hab/km²",19.280943761313278
3300100,Angra dos Reis,179.142 (Fonte: IBGE),"R$ 62.488,10 (Fonte: IBGE)",4.6 (Fonte: INEP),"7,6 (Ano: 2022 - ISP/Inbound)",101.3% (Fonte: SNIS),64.7% (Fonte: SNIS),357 leitos (Fonte: CNES),580 unidades (Fonte: CNES),"829,0 km²","216,1 hab/km²",216.10451650260566
3303807,Paraty,47.668 (Fonte: IBGE),"R$ 41.019,20 (Fonte: IBGE)",4.3 (Fonte: INEP),"7,6 (Ano: 2022 - ISP/Inbound)",88.3% (Fonte: SNIS),5.2% (Fonte: SNIS),60 leitos (Fonte: CNES),44 unidades (Fonte: CNES),"929,4 km²","51,3 hab/km²",51.29065926380236
3303609,Paracambi,43.627 (Fonte: IBGE),"R$ 26.655,17 (Fonte: IBGE)",4.7 (Fonte: INEP),"7,6 (Ano: 2022 - ISP/Inbound)",79.8% (Fonte: SNIS),88.0% (Fonte: SNIS),89 leitos (Fonte: CNES),68 unidades (Fonte: CNES),"180,5 km²","241,6 hab/km²",241.64728038107899
3301801,Engenheiro Paulo de Frontin,12.644 (Fonte: IBGE),"R$ 32.168,93 (Fonte: IBGE)",5.0 (Fonte: INEP),"7,6 (Ano: 2022 - ISP/Inbound)",58.6% (Fonte: SNIS),111.8% (Fonte: SNIS),29 leitos (Fonte: CNES),25 unidades (Fonte: CNES),"133,6 km²","94,7 hab/km²",94.66197499438498
3302809,Mendes,18.048 (Fonte: IBGE),"R$ 19.819,04 (Fonte: IBGE)",5.1 (Fonte: INEP),"7,6 (Ano: 2022 - ISP/Inbound)",99.3% (Fonte: SNIS),99.3% (Fonte: SNIS),49 leitos (Fonte: CNES),48 unidades (Fonte: CNES),"97,5 km²","185,1 hab/km²",185.1076923076923
3303856,Paty do Alferes,31.370 (Fonte: IBGE),"R$ 21.831,78 (Fonte: IBGE)",4.9 (Fonte: INEP),"7,6 (Ano: 2022 - ISP/Inbound)",62.8% (Fonte: SNIS),53.8% (Fonte: SNIS),Indisponível,48 unidades (Fonte: CNES),Indisponível,Indisponível,Indisponível
3306206,Vassouras,35.907 (Fonte: IBGE),"R$ 36.797,06 (Fonte: IBGE)",5.0 (Fonte: INEP),"7,6 (Ano: 2022 - ISP/Inbound)",70.0% (Fonte: SNIS),58.8% (Fonte: SNIS),433 leitos (Fonte: CNES),109 unidades (Fonte: CNES),"540,7 km²","66,4 hab/km²",66.40713136431728
3302908,Miguel Pereira,28.142 (Fonte: IBGE),"R$ 22.475,66 (Fonte: IBGE)",5.4 (Fonte: INEP),"7,6 (Ano: 2022 - ISP/Inbound)",74.9% (Fonte: SNIS),61.8% (Fonte: SNIS),81 leitos (Fonte: CNES),92 unidades (Fonte: CNES),"290,6 km²","96,9 hab/km²",96.85435022026432
3305158,São José do Vale do Rio Preto,22.813 (Fonte: IBGE),"R$ 32.374,87 (Fonte: IBGE)",5.2 (Fonte: INEP),"7,6 (Ano: 2022 - ISP/Inbound)",70.1% (Fonte: SNIS),70.1% (Fonte: SNIS),49 leitos (Fonte: CNES),50 unidades (Fonte: CNES),"221,5 km²","103,0 hab/km²",102.99322799097065
3303906,Petrópolis,294.926 (Fonte: IBGE),"R$ 53.116,54 (Fonte: IBGE)",4.8 (Fonte: INEP),"7,6 (Ano: 2022 - ISP/Inbound)",101.1% (Fonte: SNIS),88.2% (Fonte: SNIS),1809 leitos (Fonte: CNES),713 unidades (Fonte: CNES),"799,6 km²","368,8 hab/km²",368.83730818774154
3305802,Teresópolis,176.735 (Fonte: IBGE),"R$ 33.518,81 (Fonte: IBGE)",5.1 (Fonte: INEP),"7,6 (Ano: 2022 - ISP/Inbound)",93.9% (Fonte: SNIS),Indisponível,413 leitos (Fonte: CNES),348 unidades (Fonte: CNES),"774,3 km²","228,2 hab/km²",228.24837597344734
3300803,Cachoeiras de Macacu,59.861 (Fonte: IBGE),"R$ 21.809,09 (Fonte: IBGE)",4.9 (Fonte: INEP),"7,6 (Ano: 2022 - ISP/Inbound)",83.5% (Fonte: SNIS),Indisponível,80 leitos (Fonte: CNES),113 unidades (Fonte: CNES),"958,4 km²","62,5 hab/km²",62.46256586841968
3304300,Rio Bonito,59.126 (Fonte: IBGE),"R$ 30.974,78 (Fonte: IBGE)",4.7 (Fonte: INEP),"7,6 (Ano: 2022 - ISP/Inbound)",44.4% (Fonte: SNIS),74.6% (Fonte: SNIS),133 leitos (Fonte: CNES),114 unidades (Fonte: CNES),"458,6 km²","128,9 hab/km²",128.921547250447
3302007,Itaguaí,124.021 (Fonte: IBGE),"R$ 84.685,25 (Fonte: IBGE)",4.5 (Fonte: INEP),"7,6 (Ano: 2022 - ISP/Inbound)",79.0% (Fonte: SNIS),31.9% (Fonte: SNIS),215 leitos (Fonte: CNES),186 unidades (Fonte: CNES),"277,2 km²","447,5 hab/km²",447.45463073204166
3302601,Mangaratiba,43.660 (Fonte: IBGE),"R$ 73.566,19 (Fonte: IBGE)",5.2 (Fonte: INEP),"7,6 (Ano: 2022 - ISP/Inbound)",92.7% (Fonte: SNIS),Indisponível,62 leitos (Fonte: CNES),44 unidades (Fonte: CNES),"358,1 km²","121,9 hab/km²",121.92806076854335
3305554,Seropédica,84.794 (Fonte: IBGE),"R$ 56.336,97 (Fonte: IBGE)",4.9 (Fonte: INEP),"7,6 (Ano: 2022 - ISP/Inbound)",64.8% (Fonte: SNIS),24.6% (Fonte: SNIS),26 leitos (Fonte: CNES),56 unidades (Fonte: CNES),"285,1 km²","297,4 hab/km²",297.40801795798114
3303203,Nilópolis,155.500 (Fonte: IBGE),"R$ 19.675,15 (Fonte: IBGE)",4.5 (Fonte: INEP),"7,6 (Ano: 2022 - ISP/Inbound)",104.8% (Fonte: SNIS),52.6% (Fonte: SNIS),316 leitos (Fonte: CNES),105 unidades (Fonte: CNES),"19,5 km²","7.982,5 hab/km²",7982.546201232033
3302502,Magé,244.142 (Fonte: IBGE),"R$ 19.520,79 (Fonte: IBGE)",4.5 (Fonte: INEP),"7,6 (Ano: 2022 - ISP/Inbound)",20.1% (Fonte: SNIS),5.2% (Fonte: SNIS),216 leitos (Fonte: CNES),242 unidades (Fonte: CNES),"390,3 km²","625,5 hab/km²",625.4598555105806
3304557,Rio de Janeiro,6.730.729 (Fonte: IBGE),"R$ 53.431,77 (Fonte: IBGE)",4.9 (Fonte: INEP),"7,6 (Ano: 2022 - ISP/Inbound)",100.7% (Fonte: SNIS),90.6% (Fonte: SNIS),21485 leitos (Fonte: CNES),11433 unidades (Fonte: CNES),"1.205,9 km²","5.581,4 hab/km²",5581.359614571326
3302858,Mesquita,178.830 (Fonte: IBGE),"R$ 14.646,47 (Fonte: IBGE)",4.3 (Fonte: INEP),"7,6 (Ano: 2022 - ISP/Inbound)",99.0% (Fonte: SNIS),50.3% (Fonte: SNIS),204 leitos (Fonte: CNES),73 unidades (Fonte: CNES),"39,2 km²","4.556,2 hab/km²",4556.178343949045
3303302,Niterói,516.787 (Fonte: IBGE),"R$ 128.381,19 (Fonte: IBGE)",4.8 (Fonte: INEP),"7,6 (Ano: 2022 - ISP/Inbound)",100.0% (Fonte: SNIS),95.6% (Fonte: SNIS),2984 leitos (Fonte: CNES),843 unidades (Fonte: CNES),"134,6 km²","3.840,9 hab/km²",3840.8547008547007
3305109,São João de Meriti,466.503 (Fonte: IBGE),"R$ 19.214,84 (Fonte: IBGE)",4.3 (Fonte: INEP),"7,6 (Ano: 2022 - ISP/Inbound)",101.5% (Fonte: SNIS),61.2% (Fonte: SNIS),331 leitos (Fonte: CNES),334 unidades (Fonte: CNES),"35,4 km²","13.185,5 hab/km²",13185.500282645562
3305752,Tanguá,32.865 (Fonte: IBGE),"R$ 21.133,39 (Fonte: IBGE)",4.6 (Fonte: INEP),"7,6 (Ano: 2022 - ISP/Inbound)",21.3% (Fonte: SNIS),51.9% (Fonte: SNIS),214 leitos (Fonte: CNES),50 unidades (Fonte: CNES),"146,2 km²","224,8 hab/km²",224.81017853478352
3301900,Itaboraí,240.127 (Fonte: IBGE),"R$ 23.490,64 (Fonte: IBGE)",4.5 (Fonte: INEP),"7,6 (Ano: 2022 - ISP/Inbound)",21.4% (Fonte: SNIS),21.0% (Fonte: SNIS),408 leitos (Fonte: CNES),294 unidades (Fonte: CNES),"432,4 km²","555,3 hab/km²",555.3224948544206
3304904,São Gonçalo,960.196 (Fonte: IBGE),"R$ 21.167,43 (Fonte: IBGE)",4.6 (Fonte: INEP),"7,6 (Ano: 2022 - ISP/Inbound)",103.0% (Fonte: SNIS),38.5% (Fonte: SNIS),1315 leitos (Fonte: CNES),999 unidades (Fonte: CNES),"248,9 km²","3.858,1 hab/km²",3858.0681452909034
3303500,Nova Iguaçu,843.220 (Fonte: IBGE),"R$ 21.103,14 (Fonte: IBGE)",4.3 (Fonte: INEP),"7,6 (Ano: 2022 - ISP/Inbound)",75.5% (Fonte: SNIS),54.7% (Fonte: SNIS),1676 leitos (Fonte: CNES),1122 unidades (Fonte: CNES),"523,7 km²","1.610,1 hab/km²",1610.0588100511723
3302270,Japeri,102.171 (Fonte: IBGE),"R$ 14.976,90 (Fonte: IBGE)",4.1 (Fonte: INEP),"7,6 (Ano: 2022 - ISP/Inbound)",95.7% (Fonte: SNIS),Indisponível,20 leitos (Fonte: CNES),35 unidades (Fonte: CNES),"82,3 km²","1.242,0 hab/km²",1242.0495988329685
3301850,Guapimirim,54.311 (Fonte: IBGE),"R$ 25.114,88 (Fonte: IBGE)",4.8 (Fonte: INEP),"7,6 (Ano: 2022 - ISP/Inbound)",84.3% (Fonte: SNIS),Indisponível,166 leitos (Fonte: CNES),52 unidades (Fonte: CNES),"362,5 km²","149,8 hab/km²",149.83171485323328
3301702,Duque de Caxias,866.225 (Fonte: IBGE),"R$ 61.342,80 (Fonte: IBGE)",4.1 (Fonte: INEP),"7,6 (Ano: 2022 - ISP/Inbound)",95.2% (Fonte: SNIS),40.2% (Fonte: SNIS),1763 leitos (Fonte: CNES),485 unidades (Fonte: CNES),"469,8 km²","1.843,7 hab/km²",1843.6595436744424
3304144,Queimados,149.135 (Fonte: IBGE),"R$ 29.246,78 (Fonte: IBGE)",4.3 (Fonte: INEP),"7,6 (Ano: 2022 - ISP/Inbound)",92.6% (Fonte: SNIS),39.3% (Fonte: SNIS),121 leitos (Fonte: CNES),79 unidades (Fonte: CNES),"76,0 km²","1.961,0 hab/km²",1961.0124917817227
3302700,Maricá,212.470 (Fonte: IBGE),"R$ 403.889,00 (Fonte: IBGE)",5.0 (Fonte: INEP),"7,6 (Ano: 2022 - ISP/Inbound)",29.0% (Fonte: SNIS),3.6% (Fonte: SNIS),213 leitos (Fonte: CNES),171 unidades (Fonte: CNES),"364,3 km²","583,3 hab/km²",583.26012957066
3300456,Belford Roxo,518.384 (Fonte: IBGE),"R$ 17.052,63 (Fonte: IBGE)",4.1 (Fonte: INEP),"7,6 (Ano: 2022 - ISP/Inbound)",99.4% (Fonte: SNIS),43.1% (Fonte: SNIS),564 leitos (Fonte: CNES),226 unidades (Fonte: CNES),"78,2 km²","6.630,6 hab/km²",6630.647224354054
